Benchmark,Target Tax-to-GDP (%),Current Tax-to-GDP (%),Gap (percentage points),Potential Revenue ($ billion),Current Revenue ($ billion),Revenue Gap ($ billion),Additional Revenue (%)
OECD Average,34.0,9.53881335234034,24.46118664765966,141.53236028974476,39.70737553294296,101.82498475680178,256.4384661291033
Emerging Markets Average,20.0,9.53881335234034,10.46118664765966,83.2543295822028,39.70737553294296,43.54695404925984,109.66968595829607
Sustainable Target,18.0,9.53881335234034,8.46118664765966,74.92889662398251,39.70737553294296,35.22152109103955,88.70271736246644
Lower-Middle Income Average,17.0,9.53881335234034,7.461186647659661,70.76618014487238,39.70737553294296,31.058804611929414,78.21923306455164
South Asian Average,15.0,9.53881335234034,5.461186647659661,62.44074718665209,39.70737553294296,22.733371653709128,57.25226446872204
Recommended Minimum,15.0,9.53881335234034,5.461186647659661,62.44074718665209,39.70737553294296,22.733371653709128,57.25226446872204
