Country,Year,Agri_Value_USD_Billion,Agri_Pct_GDP,Agri_Employment_Pct,Agri_Workers_Million,Agri_GDP_Per_Worker,GDP_Per_Capita,Productivity_Ratio,Ext_Debt_Pct_GNI,Govt_Debt_Pct_GDP,Cereal_Yield_kg_ha,GDP_Growth_Pct
India,2024,636.742788037657,16.2854335605917,42.3547738876441,257.72914006224414,2470.5890373276275,2694.73780859961,0.9168198217441914,18.5795533694083,0.0,3632.5,6.49476552383821
Ethiopia,2024,52.0703590927573,34.7737782043855,61.0084469389365,33.615416940495415,1549.0023278583765,1133.88279681719,1.3661044441334038,0.0,0.0,2631.6,7.61277447511073
Myanmar,2024,15.431530794917299,20.8341766680744,45.3568178680874,10.316034030349066,1495.8782366865785,1359.05001560107,1.100679312398222,15.2759866470065,0.0,3779.1,-0.97204641363362
Bangladesh,2024,50.2549407779345,11.1648014276903,44.7360340472385,32.93439671785031,1525.9104700920943,2593.41611680774,0.5883785714921644,22.2547977203389,0.0,5408.0,4.22325911250161
